dist,car,pt,walk
0.0,0.38955874062352713,0.0,0.6104412593764729
100.0,0.37454358727116566,0.0,0.6254564127288342
200.0,0.36955148766406504,0.0,0.630448512335935
300.0,0.3678727015206045,8.762883694451077E-5,0.632039669642451
400.0,0.36732752878479935,4.711900442224065E-4,0.6322012811709784
500.0,0.3674748559077627,7.827450654669455E-4,0.6317423990267703
600.0,0.3691639489431507,0.0010352891635477886,0.6298007618933015
700.0,0.3782602304910519,0.0014498728489677033,0.6202898966599805
800.0,0.3867494739379222,0.0018040182083583248,0.6114465078537196
900.0,0.3938099336103774,0.0022576708348900267,0.6039323955547324
1000.0,0.40002324876485135,0.002895392269398801,0.5970813589657499
1100.0,0.40540031064089166,0.0037171748012288313,0.5908825145578795
1200.0,0.4102356622378458,0.0046454796672888285,0.5851188580948654
1300.0,0.4150877143539787,0.005732734849372832,0.5791795507966484
1400.0,0.42082594936834533,0.007245030085461952,0.5719290205461928
1500.0,0.42828335670969275,0.009375024965550094,0.5623416183247572
1600.0,0.43706472476499186,0.012144897214007369,0.5507903780210007
1700.0,0.4457874663572617,0.015362717972561314,0.538849815670177
1800.0,0.45357797087955115,0.01871061031393156,0.5277114188065173
1900.0,0.460385371125506,0.022257761247513358,0.5173568676269806
2000.0,0.4656256244471143,0.02650664653219262,0.507867729020693
2100.0,0.4696077635310742,0.03161666143717705,0.49877557503174885
2200.0,0.47246100336902186,0.037454718302897046,0.49008427832808105
2300.0,0.4739424144553996,0.0433996631511906,0.48265792239340993
2400.0,0.4745989104866338,0.04888971107604403,0.4765113784373222
2500.0,0.4758605002246193,0.05430735999648341,0.4698321397788973
2600.0,0.4784553367002902,0.0603873873814678,0.461157275918242
2700.0,0.4820462098358634,0.06749469379681876,0.450459096367318
2800.0,0.48551259221511456,0.07555518693619144,0.4389322208486941
2900.0,0.4886449685455561,0.08405747088039452,0.4272975605740494
3000.0,0.49166298846978235,0.09230577350973643,0.4160312380204812
3100.0,0.4955683436141856,0.09999281327568486,0.40443884311012956
3200.0,0.5000624855259829,0.10720855596753158,0.3927289585064856
3300.0,0.5045435623313672,0.11415171411244536,0.3813047235561875
3400.0,0.5086301083307209,0.12097205583223883,0.37039783583704033
3500.0,0.5120839244343661,0.12762945384959326,0.36028662171604053
3600.0,0.515125934342689,0.13384144118306882,0.35103262447424216
3700.0,0.5185645709814114,0.13953257223922944,0.34190285677935917
3800.0,0.5218390055325289,0.14495554684328882,0.3332054476241823
3900.0,0.5235530559852722,0.15125411349985676,0.325192830514871
4000.0,0.5223865274145717,0.15984737375516567,0.3177660988302627
4100.0,0.5184570634353537,0.17082404140850765,0.3107188951561386
4200.0,0.5130283260006617,0.18265130879019642,0.30432036520914185
4300.0,0.5071893705809072,0.1937359631771284,0.2990746662419644
4400.0,0.5018226118229475,0.2035830834668799,0.29459430471017256
4500.0,0.4979637471473249,0.21236354602667368,0.28967270682600127
4600.0,0.496134634048161,0.22021859868832228,0.2836467672635167
4700.0,0.49606735163017257,0.22692515761402696,0.27700749075580045
4800.0,0.49763845571827564,0.23219627644188837,0.270165267839836
4900.0,0.5003166698089814,0.23671588235869342,0.2629674478323251
5000.0,0.502860736769178,0.2417874414285301,0.2553518218022918
5100.0,0.5039258387357003,0.2483802449620785,0.24769391630222137
5200.0,0.5030533524785739,0.2564120199018734,0.24053462761955285
5300.0,0.5019019329090509,0.2640763503285365,0.23402171676241248
5400.0,0.5014882527191746,0.2700800596063383,0.22843168767448715
5500.0,0.5005367995269472,0.2751321367452929,0.2243310637277599
5600.0,0.49829158373714,0.2804600548143451,0.22124836144851498
5700.0,0.4954540576021275,0.28626860225764583,0.21827734014022682
5800.0,0.4930330400475032,0.2915645840086714,0.21540237594382558
5900.0,0.49244043990538144,0.2950822352981871,0.21247732479643142
6000.0,0.4929079060773245,0.29822750374245544,0.20886459018022008
6100.0,0.492235201400385,0.3039319894595236,0.2038328091400913
6200.0,0.48972633017294026,0.313060836257495,0.19721283356956476
6300.0,0.4855157542321854,0.32533362646643266,0.18915061930138197
6400.0,0.4811345757726477,0.3388046536787887,0.18006077054856354
6500.0,0.47869828976317075,0.35081689318396586,0.17048481705286336
6600.0,0.4779467493406204,0.36087883873447457,0.161174411924905
6700.0,0.4780325333058095,0.36929070457287594,0.15267676212131462
6800.0,0.4785116878172565,0.37598280257632477,0.14550550960641875
6900.0,0.47928058873496077,0.3806012351445793,0.14011817612046
7000.0,0.48003934325832365,0.38343159415332895,0.13652906258834746
7100.0,0.4813582135865502,0.38477688617738975,0.13386490023605996
7200.0,0.4827468098591239,0.38509946061530254,0.1321537295255735
7300.0,0.4842931798208814,0.38417007868370723,0.1315367414954113
7400.0,0.4874832508286394,0.38061778864355994,0.1318989605278007
7500.0,0.49396380928796313,0.3743385856956246,0.13169760501641217
7600.0,0.5043817483139637,0.36541782871925066,0.13020042296678572
7700.0,0.5184538175093691,0.3545575264246113,0.12698865606601958
7800.0,0.5364327288968459,0.3427288114055188,0.1208384596976353
7900.0,0.5579840186654393,0.3299138916131843,0.11210208972137635
8000.0,0.5809754487660175,0.3165933334844779,0.10243121774950459
8100.0,0.6033377313641303,0.3035842225957149,0.09307804604015488
8200.0,0.622553382660174,0.29358600401246615,0.08386061332735983
8300.0,0.6380003971020254,0.2876198913362305,0.07437971156174406
8400.0,0.6495586953598971,0.28391922573884154,0.06652207890126131
8500.0,0.6578040793133055,0.2816558748086155,0.060540045878078895
8600.0,0.6648836557879069,0.2799420477626827,0.05517429644941038
8700.0,0.6714041417718533,0.27849452497270755,0.05010133325543919
8800.0,0.6770966088978901,0.27709038596903196,0.04581300513307795
8900.0,0.6831652876018629,0.27389682226177503,0.04293789013636214
9000.0,0.6917329941782213,0.26823707093885313,0.04002993488292554
9100.0,0.703398854859475,0.259750828272022,0.03685031686850291
9200.0,0.7186777635327468,0.2476549642406599,0.03366727222659329
9300.0,0.7375435463851094,0.23184452215108367,0.03061193146380688
9400.0,0.7577519962935821,0.21443953942079805,0.02780846428561984
9500.0,0.7776653075933943,0.19689992996440198,0.025434762442203804
9600.0,0.7960298110157615,0.1799772338767062,0.023992955107532306
9700.0,0.8129448086540064,0.1635237249476072,0.023531466398386377
9800.0,0.8280734526869404,0.14862542215968444,0.023301125153375242
9900.0,0.8384189873121989,0.13818686037298197,0.02339415231481919
10000.0,0.8441029858876657,0.13243382712762797,0.023463186984706324
10100.0,0.8482475428544007,0.12886259392773092,0.022889863217868327
10200.0,0.8512723191601034,0.12747653307705067,0.02125114776284599
10300.0,0.8535869025018531,0.12758244234088711,0.01883065515725985
10400.0,0.8568899099586261,0.12681815328320656,0.016291936758167456
10500.0,0.8620531813909996,0.1236273066058645,0.0143195120031358
10600.0,0.8687121274431172,0.1182641197306254,0.013023752826257316
10700.0,0.8771550299973334,0.11146541391578905,0.011379556086877442
10800.0,0.8872167840434545,0.10351628073798047,0.009266935218565106
10900.0,0.897856832665731,0.09465375309247731,0.007489414241791732
11000.0,0.9093466333257899,0.08395889722684449,0.006694469447365482
11100.0,0.9216539127091241,0.07139805306782102,0.006948034223054869
11200.0,0.9344515267336168,0.05831063803790126,0.0072378352284819154
11300.0,0.9485586241212666,0.04452697251294902,0.006914403365784468
11400.0,0.9611477832565656,0.03273643637654882,0.00611578036688562
11500.0,0.9682231981143082,0.02641282054192555,0.005363981343766233
11600.0,0.9712838088814721,0.02384922784189263,0.004866963276635192
11700.0,0.9714568790289263,0.024313313113066594,0.004229807858007111
11800.0,0.9704185162904012,0.026157857290231994,0.0034236264193667734
11900.0,0.9695503507970545,0.027904912902825457,0.0025447363001199594
12000.0,0.9693732056262586,0.028901598288248873,0.0017251960854924421
12100.0,0.9692901797096737,0.029388465299713586,0.0013213549906127937
12200.0,0.9696731790337271,0.029013816916116417,0.0013130040501565035
12300.0,0.9709704466734995,0.02765368924643251,0.0013758640800678624
12400.0,0.9734354735593769,0.025138470351755652,0.0014260560888673917
12500.0,0.9773794571451597,0.021210840591515713,0.0014097022633245222
12600.0,0.9817906930386895,0.01695593671524099,0.0012533702460694799
12700.0,0.9835886165886771,0.015490242146930322,9.211412643924127E-4
12800.0,0.9815757356459132,0.017951144416398824,4.731199376878106E-4
12900.0,0.9754421825315983,0.024457246656340748,1.0057081206103205E-4
13000.0,0.9690673108611282,0.03093268913887177,0.0
13100.0,0.964838288342169,0.03516171165783094,0.0
13200.0,0.9619153584570941,0.03808464154290594,0.0
13300.0,0.9591829902740591,0.04081700972594105,0.0
13400.0,0.9584394265207444,0.041560573479255555,0.0
13500.0,0.961896325340594,0.03810367465940605,0.0
13600.0,0.9707184763247654,0.029281523675234573,0.0
13700.0,0.9831231976667537,0.016876802333246323,0.0
13800.0,0.9938251086788762,0.0061748913211239,0.0
13900.0,0.9981104212319588,0.0018895787680411728,0.0
14000.0,0.9985927085337601,0.001407291466239858,0.0
14100.0,0.9945129020312901,0.005487097968709977,0.0
14200.0,0.9876366483309882,0.01236335166901184,0.0
14300.0,0.9808818935058898,0.01911810649411016,0.0
14400.0,0.9757774093251187,0.02422259067488126,0.0
14500.0,0.972574124305277,0.027425875694722986,0.0
14600.0,0.9706790097272225,0.029320990272777445,0.0
14700.0,0.9694349730865764,0.0305650269134235,0.0
14800.0,0.9703599499862277,0.029640050013772325,0.0
14900.0,0.9749702156117569,0.02502978438824312,0.0
15000.0,0.9829214956154119,0.01707850438458816,0.0
15100.0,0.9919685837928855,0.008031416207114494,0.0
15200.0,0.9984202745930273,0.0015797254069727258,0.0
15300.0,1.0,0.0,0.0
15400.0,1.0,0.0,0.0
15500.0,1.0,0.0,0.0
15600.0,1.0,0.0,0.0
15700.0,1.0,0.0,0.0
15800.0,1.0,0.0,0.0
15900.0,1.0,0.0,0.0
16000.0,1.0,0.0,0.0
16100.0,1.0,0.0,0.0
16200.0,1.0,0.0,0.0
16300.0,1.0,0.0,0.0
16400.0,1.0,0.0,0.0
16500.0,1.0,0.0,0.0
16600.0,1.0,0.0,0.0
16700.0,1.0,0.0,0.0
16800.0,1.0,0.0,0.0
16900.0,1.0,0.0,0.0
17000.0,1.0,0.0,0.0
17100.0,1.0,0.0,0.0
17200.0,1.0,0.0,0.0
17300.0,1.0,0.0,0.0
17400.0,1.0,0.0,0.0
17500.0,1.0,0.0,0.0
17600.0,1.0,0.0,0.0
17700.0,1.0,0.0,0.0
17800.0,1.0,0.0,0.0
17900.0,1.0,0.0,0.0
18000.0,1.0,0.0,0.0
18100.0,1.0,0.0,0.0
18200.0,1.0,0.0,0.0
18300.0,1.0,0.0,0.0
18400.0,1.0,0.0,0.0
18500.0,1.0,0.0,0.0
18600.0,1.0,0.0,0.0
18700.0,1.0,0.0,0.0
18800.0,1.0,0.0,0.0
18900.0,1.0,0.0,0.0
19000.0,1.0,0.0,0.0
19100.0,1.0,0.0,0.0
19200.0,1.0,0.0,0.0
19300.0,1.0,0.0,0.0
19400.0,1.0,0.0,0.0
19500.0,1.0,0.0,0.0
19600.0,1.0,0.0,0.0
19700.0,1.0,0.0,0.0
19800.0,1.0,0.0,0.0
19900.0,1.0,0.0,0.0
20000.0,1.0,0.0,0.0
20100.0,1.0,0.0,0.0
20200.0,1.0,0.0,0.0
20300.0,1.0,0.0,0.0
20400.0,1.0,0.0,0.0
20500.0,1.0,0.0,0.0
20600.0,1.0,0.0,0.0
20700.0,1.0,0.0,0.0
20800.0,1.0,0.0,0.0
20900.0,1.0,0.0,0.0
21000.0,1.0,0.0,0.0
21100.0,1.0,0.0,0.0
21200.0,1.0,0.0,0.0
21300.0,1.0,0.0,0.0
21400.0,1.0,0.0,0.0
21500.0,1.0,0.0,0.0
21600.0,1.0,0.0,0.0
21700.0,1.0,0.0,0.0
21800.0,1.0,0.0,0.0
21900.0,1.0,0.0,0.0
22000.0,1.0,0.0,0.0
22100.0,1.0,0.0,0.0
22200.0,1.0,0.0,0.0
22300.0,1.0,0.0,0.0
22400.0,1.0,0.0,0.0
22500.0,NaN,NaN,NaN
22600.0,NaN,NaN,NaN
22700.0,NaN,NaN,NaN
22800.0,NaN,NaN,NaN
22900.0,NaN,NaN,NaN
23000.0,NaN,NaN,NaN
23100.0,1.0,0.0,0.0
23200.0,1.0,0.0,0.0
23300.0,1.0,0.0,0.0
23400.0,1.0,0.0,0.0
23500.0,1.0,0.0,0.0
23600.0,1.0,0.0,0.0
23700.0,1.0,0.0,0.0
23800.0,1.0,0.0,0.0
23900.0,1.0,0.0,0.0
24000.0,1.0,0.0,0.0
24100.0,1.0,0.0,0.0
24200.0,1.0,0.0,0.0
24300.0,1.0,0.0,0.0
24400.0,NaN,NaN,NaN
24500.0,NaN,NaN,NaN
24600.0,NaN,NaN,NaN
24700.0,NaN,NaN,NaN
24800.0,NaN,NaN,NaN
24900.0,NaN,NaN,NaN
25000.0,NaN,NaN,NaN
25100.0,NaN,NaN,NaN
25200.0,NaN,NaN,NaN
25300.0,NaN,NaN,NaN
25400.0,NaN,NaN,NaN
25500.0,NaN,NaN,NaN
25600.0,NaN,NaN,NaN
25700.0,NaN,NaN,NaN
25800.0,NaN,NaN,NaN
25900.0,NaN,NaN,NaN
26000.0,NaN,NaN,NaN
26100.0,NaN,NaN,NaN
26200.0,NaN,NaN,NaN
26300.0,NaN,NaN,NaN
26400.0,NaN,NaN,NaN
26500.0,NaN,NaN,NaN
26600.0,NaN,NaN,NaN
26700.0,NaN,NaN,NaN
26800.0,NaN,NaN,NaN
26900.0,NaN,NaN,NaN
27000.0,NaN,NaN,NaN
27100.0,NaN,NaN,NaN
27200.0,NaN,NaN,NaN
27300.0,NaN,NaN,NaN
27400.0,NaN,NaN,NaN
27500.0,NaN,NaN,NaN
27600.0,NaN,NaN,NaN
27700.0,NaN,NaN,NaN
27800.0,NaN,NaN,NaN
27900.0,NaN,NaN,NaN
28000.0,NaN,NaN,NaN
28100.0,NaN,NaN,NaN
28200.0,NaN,NaN,NaN
28300.0,NaN,NaN,NaN
28400.0,NaN,NaN,NaN
28500.0,NaN,NaN,NaN
28600.0,NaN,NaN,NaN
28700.0,NaN,NaN,NaN
28800.0,NaN,NaN,NaN
28900.0,NaN,NaN,NaN
29000.0,NaN,NaN,NaN
29100.0,NaN,NaN,NaN
29200.0,NaN,NaN,NaN
29300.0,NaN,NaN,NaN
29400.0,NaN,NaN,NaN
29500.0,NaN,NaN,NaN
29600.0,NaN,NaN,NaN
29700.0,NaN,NaN,NaN
29800.0,NaN,NaN,NaN
